{"graph_0": {"_type": "graph-file", "path": "media/graph/g.r.a.p.h._.0_summary_7096cd87.graph.json", "sha256": "7096cd876097d6c59f98bfe784625ebca883977c631859bb1568ae16a9dac83a", "size": 25938}, "train/total_flos": 621380521497600, "train/epoch": 3.0, "eval/loss": 0.7221042513847351, "eval/accuracy": 0.631768953068592, "train/type": null, "train/learning_rate": 0.0, "_step": 234, "_runtime": 65, "_timestamp": 1604855205}